epsilon,mean_dice
0.0,0.8658557534217834
0.01,0.7197689414024353
0.03,0.6046037077903748
0.05,0.5488877296447754
0.1,0.47188207507133484
0.2,0.4025741219520569
